window_id,first_generation,last_generation,first_train_fitness,last_train_fitness,train_improvement,first_test_fitness,last_test_fitness,test_improvement,first_generalization_gap,last_generalization_gap,gap_change,number_of_generations_observed,overfit_flag
1,0.0,100.0,-4.6283352950392205,1026.3405867449655,1030.9689220400048,-105.272823401573,-74.16719920220798,31.105624199365025,100.64448810653379,1100.5077859471735,999.8632978406397,101,False
2,0.0,100.0,25.238858928247925,442.7188724235732,417.4800134953253,36.4828726939094,-4.303314829119352,-40.78618752302875,-11.244013765661474,447.02218725269256,458.266201018354,101,True
3,0.0,100.0,725.0489638638206,725.0489638638206,0.0,-700.6930051741633,-700.6930051741633,0.0,1425.7419690379838,1425.7419690379838,0.0,101,False
4,0.0,100.0,399.2668280736581,815.8896984274284,416.6228703537703,-1000.0,-1000.0,0.0,1399.266828073658,1815.8896984274284,416.6228703537704,101,True
