window_id,first_generation,last_generation,first_train_fitness,last_train_fitness,train_improvement,first_test_fitness,last_test_fitness,test_improvement,first_generalization_gap,last_generalization_gap,gap_change,number_of_generations_observed,overfit_flag
1,0.0,100.0,-49.0260701622673,106.21322893124,155.2392990935073,-206.2207555024469,8.88643629358811,215.107191796035,157.1946853401796,97.32679263765189,-59.86789270252771,101,False
2,0.0,100.0,46.0399826238021,408.0,361.9600173761979,-101.11801061633837,-98.40213650500684,2.71587411133153,147.15799324014046,506.40213650500687,359.2441432648664,101,False
3,0.0,100.0,161.66632302368973,363.3610463437158,201.6947233200261,-938.384368061522,-196.4155839862333,741.9687840752887,1100.0506910852116,559.7766303299491,-540.2740607552626,101,False
4,0.0,100.0,387.2983346207417,600.585547611662,213.28721299092035,-1000.0,-1000.0,0.0,1387.2983346207416,1600.5855476116622,213.28721299092058,101,True
