window_id,first_generation,last_generation,first_train_fitness,last_train_fitness,train_improvement,first_test_fitness,last_test_fitness,test_improvement,first_generalization_gap,last_generalization_gap,gap_change,number_of_generations_observed,overfit_flag
1,0.0,100.0,-107.23753488815792,167.70509831248424,274.94263320064215,-350.0,25.427456726058065,375.42745672605804,242.76246511184206,142.27764158642617,-100.48482352541589,101,False
2,0.0,100.0,11.180339887498947,97.28309205612248,86.10275216862354,-1000.0,-96.98550149378,903.01449850622,1011.1803398874989,194.2685935499025,-816.9117463375965,101,False
3,0.0,100.0,88.18163074019441,324.2298567374695,236.0482259972751,-1150.0,166.93678111455512,1316.936781114555,1238.1816307401944,157.2930756229144,-1080.88855511728,101,False
4,0.0,100.0,432.0,592.0,160.0,-1000.0,-1000.0,0.0,1432.0,1592.0,160.0,101,True
